Commodity,Destination,ExportValue
Beef,China,2785.99
Cheese and curd,China,184.60
Wheat,China,364.04
Barley,China,2126.96
Wool,China,2116.26
Beef,Japan,2061.41
Cheese and curd,Japan,461.41
Wheat,Japan,494.31
Barley,Japan,232.42
Wool,Japan,1.75
Beef,United States,5239.03
Cheese and curd,United States,23.42
Barley,United States,0.02
Wool,United States,2.19
Beef,Indonesia,602.52
Cheese and curd,Indonesia,62.89
Wheat,Indonesia,1528.98
Barley,Indonesia,0.02
Beef,South Korea,2228.57
Cheese and curd,South Korea,62.19
Wheat,South Korea,516.32
Barley,South Korea,8.18
Wool,South Korea,20.73
Beef,India,0.25
Cheese and curd,India,0.22
Wheat,India,49.36
Wool,India,131.63