Year,Crop,Production
1985-86,Wheat,16062600.00
1986-87,Wheat,16119300.00
1987-88,Wheat,12286800.00
1988-89,Wheat,13935100.00
1989-90,Wheat,14214600.00
1990-91,Wheat,15066100.00
1991-92,Wheat,10557300.00
1992-93,Wheat,14738700.00
1993-94,Wheat,16479200.00
1994-95,Wheat,8961400.00
1995-96,Wheat,16503900.00
1996-97,Wheat,22924200.00
1997-98,Wheat,19226700.00
1998-99,Wheat,21464800.00
1999-00,Wheat,24757400.00
2000-01,Wheat,22108200.00
2001-02,Wheat,24299400.00
2002-03,Wheat,10131800.00
2003-04,Wheat,26131800.00
2004-05,Wheat,21905100.00
2005-06,Wheat,25150400.00
2006-07,Wheat,10821700.00
2007-08,Wheat,13569400.00
2008-09,Wheat,21420100.00
2009-10,Wheat,21834000.00
2010-11,Wheat,27410000.00
2011-12,Wheat,29905009.00
2012-13,Wheat,22855166.00
2013-14,Wheat,25302707.00
2014-15,Wheat,23742560.00
2015-16,Wheat,22274514.00
2016-17,Wheat,31818744.00
2017-18,Wheat,20941133.00
2018-19,Wheat,17597561.00
2019-20,Wheat,14480217.00
2020-21,Wheat,31922555.00
2021-22,Wheat,36237477.00
1985-86,Barley,4868729.00
1986-87,Barley,3547769.00
1987-88,Barley,3416810.00
1988-89,Barley,3241606.00
1989-90,Barley,4044146.00
1990-91,Barley,4107832.00
1991-92,Barley,4529678.00
1992-93,Barley,5396758.00
1993-94,Barley,6668234.00
1994-95,Barley,2913189.00
1995-96,Barley,5822684.00
1996-97,Barley,6694804.00
1997-98,Barley,6481669.00
1998-99,Barley,5987241.00
1999-00,Barley,5032016.00
2000-01,Barley,6743463.00
2001-02,Barley,8279769.00
2002-03,Barley,3864833.00
2003-04,Barley,10381828.00
2004-05,Barley,7739767.00
2005-06,Barley,9481741.00
2006-07,Barley,4257032.00
2007-08,Barley,7160168.00
2008-09,Barley,7996506.00
2009-10,Barley,7864551.00
2010-11,Barley,7994719.00
2011-12,Barley,8220861.00
2012-13,Barley,7471382.00
2013-14,Barley,9174207.00
2014-15,Barley,8646321.00
2015-16,Barley,8992274.00
2016-17,Barley,13505990.00
2017-18,Barley,9253829.00
2018-19,Barley,8818946.00
2019-20,Barley,10127175.00
2020-21,Barley,14648581.00
2021-22,Barley,14377284.00
1985-86,Canola,87030.00
1986-87,Canola,76477.00
1987-88,Canola,65923.00
1988-89,Canola,58258.00
1989-90,Canola,78157.00
1990-91,Canola,98400.00
1991-92,Canola,170448.00
1992-93,Canola,177902.00
1993-94,Canola,305020.00
1994-95,Canola,263892.00
1995-96,Canola,557054.00
1996-97,Canola,623239.00
1997-98,Canola,855360.00
1998-99,Canola,1690458.00
1999-00,Canola,2458674.00
2000-01,Canola,1774119.00
2001-02,Canola,1755863.00
2002-03,Canola,870059.00
2003-04,Canola,1702349.00
2004-05,Canola,1542318.00
2005-06,Canola,1418941.00
2006-07,Canola,573325.00
2007-08,Canola,1214374.00
2008-09,Canola,1844157.00
2009-10,Canola,1907272.00
2010-11,Canola,2358716.00
2011-12,Canola,3427293.00
2012-13,Canola,4141586.00
2013-14,Canola,3831909.00
2014-15,Canola,3540021.00
2015-16,Canola,2775479.00
2016-17,Canola,4313230.00
2017-18,Canola,3893069.00
2018-19,Canola,2365839.00
2019-20,Canola,2298529.00
2020-21,Canola,4756388.00
2021-22,Canola,6820287.00
1985-86,Oats,1329300.00
1986-87,Oats,1583800.00
1987-88,Oats,1698000.00
1988-89,Oats,1838000.00
1989-90,Oats,1640300.00
1990-91,Oats,1529800.00
1991-92,Oats,1689800.00
1992-93,Oats,1936400.00
1993-94,Oats,1646499.00
1994-95,Oats,924075.00
1995-96,Oats,1874808.00
1996-97,Oats,1652797.00
1997-98,Oats,1634284.00
1998-99,Oats,1798226.00
1999-00,Oats,1117683.00
2000-01,Oats,1049748.00
2001-02,Oats,1433531.00
2002-03,Oats,956984.00
2003-04,Oats,2017875.00
2004-05,Oats,1282448.00
2005-06,Oats,1688016.00
2006-07,Oats,748292.00
2007-08,Oats,1502297.00
2008-09,Oats,1160003.00
2009-10,Oats,1161522.00
2010-11,Oats,1127683.00
2011-12,Oats,1262031.00
2012-13,Oats,1121135.00
2013-14,Oats,1254659.00
2014-15,Oats,1198006.00
2015-16,Oats,1299680.00
2016-17,Oats,2265503.00
2017-18,Oats,1227386.00
2018-19,Oats,1134619.00
2019-20,Oats,1142934.00
2020-21,Oats,1897990.00
2021-22,Oats,1734874.00
1985-86,Sorghum,1413642.00
1986-87,Sorghum,1412448.00
1987-88,Sorghum,1625756.00
1988-89,Sorghum,1235935.00
1989-90,Sorghum,938505.00
1990-91,Sorghum,746761.00
1991-92,Sorghum,1443341.00
1992-93,Sorghum,546063.00
1993-94,Sorghum,1081509.00
1994-95,Sorghum,1272207.00
1995-96,Sorghum,1592175.00
1996-97,Sorghum,1424776.00
1997-98,Sorghum,1080766.00
1998-99,Sorghum,1886894.00
1999-00,Sorghum,2113855.00
2000-01,Sorghum,1934271.00
2001-02,Sorghum,2018556.00
2002-03,Sorghum,1464230.00
2003-04,Sorghum,2008703.00
2004-05,Sorghum,2010274.00
2005-06,Sorghum,1931053.00
2006-07,Sorghum,1282092.00
2007-08,Sorghum,3789931.00
2008-09,Sorghum,2691390.00
2009-10,Sorghum,1507635.00
2010-11,Sorghum,1934510.00
2011-12,Sorghum,2234912.00
2012-13,Sorghum,2229000.00
2013-14,Sorghum,1282326.00
2014-15,Sorghum,2210235.00
2015-16,Sorghum,1790828.00
2016-17,Sorghum,994338.00
2017-18,Sorghum,1257219.00
2018-19,Sorghum,1160710.00
2019-20,Sorghum,397993.00
2020-21,Sorghum,1638962.00
2021-22,Sorghum,2648069.00