RegionCode,Region,Production
101,Capital Region,326127.59
103,Central West,2531859.44
104,Coffs Harbour - Grafton,1937.15
105,Far West and Orana,3211025.18
106,Hunter Valley exc Newcastle,10242.79
109,Murray,1485413.90
110,New England and North West,2814816.14
112,Richmond - Tweed,2724.84
113,Riverina,2584404.90
114,Southern Highlands and Shoalhaven,2828.18
115,Sydney - Baulkham Hills and Hawkesbury,37.74
123,Sydney - Outer South West,724.54
124,Sydney - Outer West and Blue Mountains,8.38
127,Sydney - South West,0.00
201,Ballarat,233235.39
202,Bendigo,252282.48
203,Geelong,115287.11
204,Hume,141462.88
205,Latrobe - Gippsland,15764.55
207,Melbourne - Inner East,1039.93
209,Melbourne - North East,241.92
210,Melbourne - North West,1798.53
211,Melbourne - Outer East,2401.41
212,Melbourne - South East,1061.90
213,Melbourne - West,5848.67
214,Mornington Peninsula,47.75
215,North West,2723059.35
216,Shepparton,674957.71
217,Warrnambool and South West,356512.69
304,Brisbane - West,730.55
306,Cairns,886.93
307,Darling Downs - Maranoa,1385877.84
308,Central Queensland,125217.98
310,Ipswich,1002.70
311,Logan - Beaudesert,365.67
312,Mackay - Isaac - Whitsunday,54913.91
313,Moreton Bay - North,5576.13
315,Queensland - Outback,7568.50
316,Sunshine Coast,359.15
317,Toowoomba,2814.59
318,Townsville,950.21
319,Wide Bay,7927.72
401,Adelaide - Central and Hills,274.01
402,Adelaide - North,17810.31
403,Adelaide - South,329.02
405,Barossa - Yorke - Mid North,1788809.86
406,South Australia - Outback,1347900.93
407,South Australia - South East,827084.32
501,Bunbury,9521.23
509,Western Australia - Wheat Belt,5504055.42
511,Western Australia - Outback (South),3279129.39
601,Hobart,640.71
602,Launceston and North East,36878.17
603,South East,9196.42
604,West and North West,9580.01